[{"model": "admin.logentry", "pk": 1, "fields": {"action_time": "2024-09-11T19:51:40.298Z", "user": 1, "content_type": 10, "object_id": "1", "object_repr": "Main Meals", "action_flag": 1, "change_message": "[{\"added\": {}}]"}}, {"model": "admin.logentry", "pk": 2, "fields": {"action_time": "2024-09-11T19:51:56.537Z", "user": 1, "content_type": 8, "object_id": "1", "object_repr": "Jollof Rice", "action_flag": 1, "change_message": "[{\"added\": {}}]"}}, {"model": "admin.logentry", "pk": 3, "fields": {"action_time": "2024-09-11T21:23:23.688Z", "user": 1, "content_type": 7, "object_id": "2", "object_repr": "Jollof Rice x 1", "action_flag": 1, "change_message": "[{\"added\": {}}]"}}, {"model": "admin.logentry", "pk": 4, "fields": {"action_time": "2024-09-12T07:59:54.122Z", "user": 1, "content_type": 8, "object_id": "2", "object_repr": "Jagaban Holy Rice", "action_flag": 1, "change_message": "[{\"added\": {}}]"}}, {"model": "admin.logentry", "pk": 5, "fields": {"action_time": "2024-09-12T11:50:41.485Z", "user": 1, "content_type": 7, "object_id": "14", "object_repr": "Jagaban Holy Rice x 1", "action_flag": 3, "change_message": ""}}, {"model": "admin.logentry", "pk": 6, "fields": {"action_time": "2024-09-12T11:50:41.485Z", "user": 1, "content_type": 7, "object_id": "13", "object_repr": "Jollof Rice x 1", "action_flag": 3, "change_message": ""}}, {"model": "admin.logentry", "pk": 7, "fields": {"action_time": "2024-09-12T12:49:34.507Z", "user": 1, "content_type": 8, "object_id": "2", "object_repr": "Jagaban Rice", "action_flag": 2, "change_message": "[{\"changed\": {\"fields\": [\"Name\"]}}]"}}, {"model": "admin.logentry", "pk": 8, "fields": {"action_time": "2024-09-30T17:42:54.611Z", "user": 1, "content_type": 8, "object_id": "1", "object_repr": "Jollof Rice", "action_flag": 2, "change_message": "[{\"changed\": {\"fields\": [\"Image\"]}}]"}}, {"model": "admin.logentry", "pk": 9, "fields": {"action_time": "2024-09-30T17:46:29.571Z", "user": 1, "content_type": 8, "object_id": "3", "object_repr": "Spaghetti", "action_flag": 1, "change_message": "[{\"added\": {}}]"}}, {"model": "admin.logentry", "pk": 10, "fields": {"action_time": "2024-10-01T09:13:28.223Z", "user": 1, "content_type": 11, "object_id": "16", "object_repr": "david' payment of 1950", "action_flag": 3, "change_message": ""}}, {"model": "admin.logentry", "pk": 11, "fields": {"action_time": "2024-10-01T09:13:28.223Z", "user": 1, "content_type": 11, "object_id": "15", "object_repr": "david' payment of 1650", "action_flag": 3, "change_message": ""}}, {"model": "admin.logentry", "pk": 12, "fields": {"action_time": "2024-10-01T09:13:28.223Z", "user": 1, "content_type": 11, "object_id": "14", "object_repr": "david' payment of 1300", "action_flag": 3, "change_message": ""}}, {"model": "admin.logentry", "pk": 13, "fields": {"action_time": "2024-10-01T09:13:28.223Z", "user": 1, "content_type": 11, "object_id": "13", "object_repr": "david' payment of 950", "action_flag": 3, "change_message": ""}}, {"model": "admin.logentry", "pk": 14, "fields": {"action_time": "2024-10-01T09:13:28.223Z", "user": 1, "content_type": 11, "object_id": "12", "object_repr": "david' payment of 950", "action_flag": 3, "change_message": ""}}, {"model": "admin.logentry", "pk": 15, "fields": {"action_time": "2024-10-01T09:13:28.223Z", "user": 1, "content_type": 11, "object_id": "11", "object_repr": "david' payment of 950", "action_flag": 3, "change_message": ""}}, {"model": "admin.logentry", "pk": 16, "fields": {"action_time": "2024-10-01T09:13:28.223Z", "user": 1, "content_type": 11, "object_id": "10", "object_repr": "david' payment of 950", "action_flag": 3, "change_message": ""}}, {"model": "admin.logentry", "pk": 17, "fields": {"action_time": "2024-10-01T09:13:28.223Z", "user": 1, "content_type": 11, "object_id": "9", "object_repr": "david' payment of 950", "action_flag": 3, "change_message": ""}}, {"model": "admin.logentry", "pk": 18, "fields": {"action_time": "2024-10-01T09:13:28.223Z", "user": 1, "content_type": 11, "object_id": "8", "object_repr": "david' payment of 4250", "action_flag": 3, "change_message": ""}}, {"model": "admin.logentry", "pk": 19, "fields": {"action_time": "2024-10-01T09:13:28.223Z", "user": 1, "content_type": 11, "object_id": "7", "object_repr": "david' payment of 4300", "action_flag": 3, "change_message": ""}}, {"model": "admin.logentry", "pk": 20, "fields": {"action_time": "2024-10-01T09:13:28.223Z", "user": 1, "content_type": 11, "object_id": "6", "object_repr": "david' payment of 3000", "action_flag": 3, "change_message": ""}}, {"model": "admin.logentry", "pk": 21, "fields": {"action_time": "2024-10-01T09:13:28.223Z", "user": 1, "content_type": 11, "object_id": "5", "object_repr": "david' payment of 3000", "action_flag": 3, "change_message": ""}}, {"model": "admin.logentry", "pk": 22, "fields": {"action_time": "2024-10-01T09:13:28.223Z", "user": 1, "content_type": 11, "object_id": "4", "object_repr": "david' payment of 2400", "action_flag": 3, "change_message": ""}}, {"model": "admin.logentry", "pk": 23, "fields": {"action_time": "2024-10-01T09:13:28.223Z", "user": 1, "content_type": 11, "object_id": "3", "object_repr": "david' payment of 1800", "action_flag": 3, "change_message": ""}}, {"model": "admin.logentry", "pk": 24, "fields": {"action_time": "2024-10-01T09:13:28.223Z", "user": 1, "content_type": 11, "object_id": "2", "object_repr": "david' payment of 2400", "action_flag": 3, "change_message": ""}}, {"model": "admin.logentry", "pk": 25, "fields": {"action_time": "2024-10-01T09:13:28.223Z", "user": 1, "content_type": 11, "object_id": "1", "object_repr": "david' payment of 1500", "action_flag": 3, "change_message": ""}}, {"model": "admin.logentry", "pk": 26, "fields": {"action_time": "2024-10-01T17:05:13.552Z", "user": 1, "content_type": 12, "object_id": "3", "object_repr": "Order 3 by david", "action_flag": 3, "change_message": ""}}, {"model": "admin.logentry", "pk": 27, "fields": {"action_time": "2024-10-01T17:05:13.552Z", "user": 1, "content_type": 12, "object_id": "2", "object_repr": "Order 2 by david", "action_flag": 3, "change_message": ""}}, {"model": "admin.logentry", "pk": 28, "fields": {"action_time": "2024-10-01T17:05:13.552Z", "user": 1, "content_type": 12, "object_id": "1", "object_repr": "Order 1 by david", "action_flag": 3, "change_message": ""}}, {"model": "admin.logentry", "pk": 29, "fields": {"action_time": "2024-10-02T21:46:41.810Z", "user": 1, "content_type": 11, "object_id": "35", "object_repr": "david' payment of 2550", "action_flag": 3, "change_message": ""}}, {"model": "admin.logentry", "pk": 30, "fields": {"action_time": "2024-10-02T21:46:41.810Z", "user": 1, "content_type": 11, "object_id": "34", "object_repr": "david' payment of 2550", "action_flag": 3, "change_message": ""}}, {"model": "admin.logentry", "pk": 31, "fields": {"action_time": "2024-10-02T21:46:41.810Z", "user": 1, "content_type": 11, "object_id": "32", "object_repr": "david' payment of 1500", "action_flag": 3, "change_message": ""}}, {"model": "admin.logentry", "pk": 32, "fields": {"action_time": "2024-10-02T21:46:41.810Z", "user": 1, "content_type": 11, "object_id": "31", "object_repr": "david' payment of 1500", "action_flag": 3, "change_message": ""}}, {"model": "admin.logentry", "pk": 33, "fields": {"action_time": "2024-10-02T21:46:41.810Z", "user": 1, "content_type": 11, "object_id": "30", "object_repr": "david' payment of 900", "action_flag": 3, "change_message": ""}}, {"model": "admin.logentry", "pk": 34, "fields": {"action_time": "2024-10-02T21:46:41.810Z", "user": 1, "content_type": 11, "object_id": "29", "object_repr": "david' payment of 900", "action_flag": 3, "change_message": ""}}, {"model": "admin.logentry", "pk": 35, "fields": {"action_time": "2024-10-02T21:46:41.810Z", "user": 1, "content_type": 11, "object_id": "28", "object_repr": "david' payment of 900", "action_flag": 3, "change_message": ""}}, {"model": "admin.logentry", "pk": 36, "fields": {"action_time": "2024-10-02T21:46:41.810Z", "user": 1, "content_type": 11, "object_id": "27", "object_repr": "david' payment of 900", "action_flag": 3, "change_message": ""}}, {"model": "admin.logentry", "pk": 37, "fields": {"action_time": "2024-10-02T21:46:41.810Z", "user": 1, "content_type": 11, "object_id": "26", "object_repr": "david' payment of 900", "action_flag": 3, "change_message": ""}}, {"model": "admin.logentry", "pk": 38, "fields": {"action_time": "2024-10-02T21:46:41.810Z", "user": 1, "content_type": 11, "object_id": "25", "object_repr": "david' payment of 900", "action_flag": 3, "change_message": ""}}, {"model": "admin.logentry", "pk": 39, "fields": {"action_time": "2024-10-02T21:46:41.810Z", "user": 1, "content_type": 11, "object_id": "24", "object_repr": "david' payment of 900", "action_flag": 3, "change_message": ""}}, {"model": "admin.logentry", "pk": 40, "fields": {"action_time": "2024-10-02T21:46:41.810Z", "user": 1, "content_type": 11, "object_id": "23", "object_repr": "david' payment of 900", "action_flag": 3, "change_message": ""}}, {"model": "admin.logentry", "pk": 41, "fields": {"action_time": "2024-10-02T21:46:41.810Z", "user": 1, "content_type": 11, "object_id": "22", "object_repr": "david' payment of 900", "action_flag": 3, "change_message": ""}}, {"model": "admin.logentry", "pk": 42, "fields": {"action_time": "2024-10-02T21:46:41.810Z", "user": 1, "content_type": 11, "object_id": "21", "object_repr": "david' payment of 900", "action_flag": 3, "change_message": ""}}, {"model": "admin.logentry", "pk": 43, "fields": {"action_time": "2024-10-02T21:46:41.810Z", "user": 1, "content_type": 11, "object_id": "20", "object_repr": "david' payment of 900", "action_flag": 3, "change_message": ""}}, {"model": "admin.logentry", "pk": 44, "fields": {"action_time": "2024-10-02T21:46:41.810Z", "user": 1, "content_type": 11, "object_id": "19", "object_repr": "david' payment of 900", "action_flag": 3, "change_message": ""}}, {"model": "admin.logentry", "pk": 45, "fields": {"action_time": "2024-10-02T21:46:41.810Z", "user": 1, "content_type": 11, "object_id": "18", "object_repr": "david' payment of 1200", "action_flag": 3, "change_message": ""}}, {"model": "admin.logentry", "pk": 46, "fields": {"action_time": "2024-10-02T21:46:41.810Z", "user": 1, "content_type": 11, "object_id": "17", "object_repr": "david' payment of 1950", "action_flag": 3, "change_message": ""}}, {"model": "admin.logentry", "pk": 47, "fields": {"action_time": "2024-10-02T22:43:13.436Z", "user": 1, "content_type": 11, "object_id": "40", "object_repr": "david' payment of 1300", "action_flag": 3, "change_message": ""}}, {"model": "admin.logentry", "pk": 48, "fields": {"action_time": "2024-10-02T22:43:13.436Z", "user": 1, "content_type": 11, "object_id": "39", "object_repr": "david' payment of 1650", "action_flag": 3, "change_message": ""}}, {"model": "admin.logentry", "pk": 49, "fields": {"action_time": "2024-10-02T22:43:13.436Z", "user": 1, "content_type": 11, "object_id": "38", "object_repr": "david' payment of 1650", "action_flag": 3, "change_message": ""}}, {"model": "admin.logentry", "pk": 50, "fields": {"action_time": "2024-10-02T22:43:13.436Z", "user": 1, "content_type": 11, "object_id": "37", "object_repr": "david' payment of 2550", "action_flag": 3, "change_message": ""}}, {"model": "admin.logentry", "pk": 51, "fields": {"action_time": "2024-10-02T22:43:13.436Z", "user": 1, "content_type": 11, "object_id": "36", "object_repr": "david' payment of 2550", "action_flag": 3, "change_message": ""}}, {"model": "admin.logentry", "pk": 52, "fields": {"action_time": "2024-10-02T22:43:13.436Z", "user": 1, "content_type": 11, "object_id": "33", "object_repr": "david' payment of 1500", "action_flag": 3, "change_message": ""}}, {"model": "admin.logentry", "pk": 53, "fields": {"action_time": "2024-10-02T23:34:08.799Z", "user": 1, "content_type": 13, "object_id": "3", "object_repr": "Order 3 by david", "action_flag": 2, "change_message": "[{\"changed\": {\"fields\": [\"Status\", \"Delivered\"]}}]"}}, {"model": "admin.logentry", "pk": 54, "fields": {"action_time": "2024-10-03T20:01:13.682Z", "user": 1, "content_type": 13, "object_id": "5", "object_repr": "Order 5 by david", "action_flag": 2, "change_message": "[{\"changed\": {\"fields\": [\"Status\", \"Delivered\"]}}]"}}, {"model": "admin.logentry", "pk": 55, "fields": {"action_time": "2024-10-05T17:56:31.339Z", "user": 2, "content_type": 14, "object_id": "2", "object_repr": "david", "action_flag": 2, "change_message": "[{\"changed\": {\"fields\": [\"Phone number\"]}}]"}}, {"model": "admin.logentry", "pk": 56, "fields": {"action_time": "2024-10-05T19:00:57.234Z", "user": 1, "content_type": 4, "object_id": "6", "object_repr": "ade", "action_flag": 3, "change_message": ""}}, {"model": "admin.logentry", "pk": 57, "fields": {"action_time": "2024-10-05T19:00:57.234Z", "user": 1, "content_type": 4, "object_id": "7", "object_repr": "ade2", "action_flag": 3, "change_message": ""}}, {"model": "admin.logentry", "pk": 58, "fields": {"action_time": "2024-10-05T19:00:57.234Z", "user": 1, "content_type": 4, "object_id": "8", "object_repr": "ade3", "action_flag": 3, "change_message": ""}}, {"model": "admin.logentry", "pk": 59, "fields": {"action_time": "2024-10-05T19:00:57.234Z", "user": 1, "content_type": 4, "object_id": "3", "object_repr": "test1", "action_flag": 3, "change_message": ""}}, {"model": "admin.logentry", "pk": 60, "fields": {"action_time": "2024-10-05T19:00:57.234Z", "user": 1, "content_type": 4, "object_id": "4", "object_repr": "testUser", "action_flag": 3, "change_message": ""}}, {"model": "admin.logentry", "pk": 61, "fields": {"action_time": "2024-10-05T19:19:52.476Z", "user": 1, "content_type": 7, "object_id": "44", "object_repr": "Jagaban Rice x 1", "action_flag": 2, "change_message": "[{\"changed\": {\"fields\": [\"Quantity\"]}}]"}}, {"model": "admin.logentry", "pk": 62, "fields": {"action_time": "2024-10-05T19:19:55.568Z", "user": 1, "content_type": 7, "object_id": "45", "object_repr": "Jollof Rice x 1", "action_flag": 2, "change_message": "[{\"changed\": {\"fields\": [\"Quantity\"]}}]"}}, {"model": "admin.logentry", "pk": 63, "fields": {"action_time": "2024-10-05T19:19:58.604Z", "user": 1, "content_type": 7, "object_id": "46", "object_repr": "Spaghetti x 1", "action_flag": 2, "change_message": "[{\"changed\": {\"fields\": [\"Quantity\"]}}]"}}, {"model": "admin.logentry", "pk": 64, "fields": {"action_time": "2024-10-07T16:04:47.088Z", "user": 1, "content_type": 7, "object_id": "45", "object_repr": "Jollof Rice x 1", "action_flag": 2, "change_message": "[{\"changed\": {\"fields\": [\"Quantity\"]}}]"}}, {"model": "admin.logentry", "pk": 65, "fields": {"action_time": "2024-10-07T16:04:50.926Z", "user": 1, "content_type": 7, "object_id": "44", "object_repr": "Jagaban Rice x 1", "action_flag": 2, "change_message": "[{\"changed\": {\"fields\": [\"Quantity\"]}}]"}}, {"model": "admin.logentry", "pk": 66, "fields": {"action_time": "2024-10-07T19:29:54.258Z", "user": 1, "content_type": 7, "object_id": "46", "object_repr": "Spaghetti x 2", "action_flag": 2, "change_message": "[{\"changed\": {\"fields\": [\"Quantity\"]}}]"}}, {"model": "admin.logentry", "pk": 67, "fields": {"action_time": "2024-10-10T17:51:20.513Z", "user": 1, "content_type": 8, "object_id": "1", "object_repr": "Jollof Rice", "action_flag": 2, "change_message": "[{\"changed\": {\"fields\": [\"Image\"]}}]"}}, {"model": "admin.logentry", "pk": 68, "fields": {"action_time": "2024-10-10T17:59:17.270Z", "user": 1, "content_type": 8, "object_id": "1", "object_repr": "Jollof Rice", "action_flag": 2, "change_message": "[{\"changed\": {\"fields\": [\"Image\"]}}]"}}, {"model": "admin.logentry", "pk": 69, "fields": {"action_time": "2024-10-10T18:02:16.028Z", "user": 1, "content_type": 8, "object_id": "1", "object_repr": "Jollof Rice", "action_flag": 2, "change_message": "[{\"changed\": {\"fields\": [\"Image\"]}}]"}}, {"model": "admin.logentry", "pk": 70, "fields": {"action_time": "2024-10-10T18:51:10.210Z", "user": 1, "content_type": 8, "object_id": "1", "object_repr": "Jollof Rice", "action_flag": 2, "change_message": "[{\"changed\": {\"fields\": [\"Image\"]}}]"}}, {"model": "admin.logentry", "pk": 71, "fields": {"action_time": "2024-10-10T18:57:56.922Z", "user": 1, "content_type": 8, "object_id": "1", "object_repr": "Jollof Rice", "action_flag": 2, "change_message": "[{\"changed\": {\"fields\": [\"Image\"]}}]"}}, {"model": "admin.logentry", "pk": 72, "fields": {"action_time": "2024-10-10T19:04:57.158Z", "user": 1, "content_type": 8, "object_id": "1", "object_repr": "Jollof Rice", "action_flag": 2, "change_message": "[{\"changed\": {\"fields\": [\"Image\"]}}]"}}, {"model": "admin.logentry", "pk": 73, "fields": {"action_time": "2024-10-10T19:09:00.418Z", "user": 1, "content_type": 8, "object_id": "1", "object_repr": "Jollof Rice", "action_flag": 2, "change_message": "[{\"changed\": {\"fields\": [\"Image\"]}}]"}}, {"model": "admin.logentry", "pk": 74, "fields": {"action_time": "2024-10-10T19:50:48.594Z", "user": 1, "content_type": 8, "object_id": "1", "object_repr": "Jollof Rice", "action_flag": 2, "change_message": "[{\"changed\": {\"fields\": [\"Image\"]}}]"}}, {"model": "admin.logentry", "pk": 75, "fields": {"action_time": "2024-10-13T21:12:58.449Z", "user": 1, "content_type": 8, "object_id": "3", "object_repr": "Spaghetti", "action_flag": 2, "change_message": "[{\"changed\": {\"fields\": [\"Image\"]}}]"}}, {"model": "admin.logentry", "pk": 76, "fields": {"action_time": "2024-10-13T21:18:49.059Z", "user": 1, "content_type": 8, "object_id": "3", "object_repr": "Spaghetti", "action_flag": 2, "change_message": "[{\"changed\": {\"fields\": [\"Image\"]}}]"}}, {"model": "admin.logentry", "pk": 77, "fields": {"action_time": "2024-10-13T21:27:01.039Z", "user": 1, "content_type": 8, "object_id": "3", "object_repr": "Spaghetti", "action_flag": 2, "change_message": "[{\"changed\": {\"fields\": [\"Image\"]}}]"}}, {"model": "admin.logentry", "pk": 78, "fields": {"action_time": "2024-10-13T21:38:34.853Z", "user": 1, "content_type": 8, "object_id": "4", "object_repr": "Plantain", "action_flag": 1, "change_message": "[{\"added\": {}}]"}}, {"model": "admin.logentry", "pk": 79, "fields": {"action_time": "2024-10-13T21:40:08.586Z", "user": 1, "content_type": 8, "object_id": "1", "object_repr": "Jollof Rice", "action_flag": 2, "change_message": "[{\"changed\": {\"fields\": [\"Image\"]}}]"}}, {"model": "admin.logentry", "pk": 80, "fields": {"action_time": "2024-10-13T21:46:30.000Z", "user": 1, "content_type": 8, "object_id": "1", "object_repr": "Jollof Rice", "action_flag": 2, "change_message": "[{\"changed\": {\"fields\": [\"Image\"]}}]"}}, {"model": "admin.logentry", "pk": 81, "fields": {"action_time": "2024-10-13T21:52:36.126Z", "user": 1, "content_type": 8, "object_id": "1", "object_repr": "Jollof Rice", "action_flag": 2, "change_message": "[{\"changed\": {\"fields\": [\"Image\"]}}]"}}, {"model": "auth.permission", "pk": 1, "fields": {"name": "Can add log entry", "content_type": 1, "codename": "add_logentry"}}, {"model": "auth.permission", "pk": 2, "fields": {"name": "Can change log entry", "content_type": 1, "codename": "change_logentry"}}, {"model": "auth.permission", "pk": 3, "fields": {"name": "Can delete log entry", "content_type": 1, "codename": "delete_logentry"}}, {"model": "auth.permission", "pk": 4, "fields": {"name": "Can view log entry", "content_type": 1, "codename": "view_logentry"}}, {"model": "auth.permission", "pk": 5, "fields": {"name": "Can add permission", "content_type": 2, "codename": "add_permission"}}, {"model": "auth.permission", "pk": 6, "fields": {"name": "Can change permission", "content_type": 2, "codename": "change_permission"}}, {"model": "auth.permission", "pk": 7, "fields": {"name": "Can delete permission", "content_type": 2, "codename": "delete_permission"}}, {"model": "auth.permission", "pk": 8, "fields": {"name": "Can view permission", "content_type": 2, "codename": "view_permission"}}, {"model": "auth.permission", "pk": 9, "fields": {"name": "Can add group", "content_type": 3, "codename": "add_group"}}, {"model": "auth.permission", "pk": 10, "fields": {"name": "Can change group", "content_type": 3, "codename": "change_group"}}, {"model": "auth.permission", "pk": 11, "fields": {"name": "Can delete group", "content_type": 3, "codename": "delete_group"}}, {"model": "auth.permission", "pk": 12, "fields": {"name": "Can view group", "content_type": 3, "codename": "view_group"}}, {"model": "auth.permission", "pk": 13, "fields": {"name": "Can add user", "content_type": 4, "codename": "add_user"}}, {"model": "auth.permission", "pk": 14, "fields": {"name": "Can change user", "content_type": 4, "codename": "change_user"}}, {"model": "auth.permission", "pk": 15, "fields": {"name": "Can delete user", "content_type": 4, "codename": "delete_user"}}, {"model": "auth.permission", "pk": 16, "fields": {"name": "Can view user", "content_type": 4, "codename": "view_user"}}, {"model": "auth.permission", "pk": 17, "fields": {"name": "Can add content type", "content_type": 5, "codename": "add_contenttype"}}, {"model": "auth.permission", "pk": 18, "fields": {"name": "Can change content type", "content_type": 5, "codename": "change_contenttype"}}, {"model": "auth.permission", "pk": 19, "fields": {"name": "Can delete content type", "content_type": 5, "codename": "delete_contenttype"}}, {"model": "auth.permission", "pk": 20, "fields": {"name": "Can view content type", "content_type": 5, "codename": "view_contenttype"}}, {"model": "auth.permission", "pk": 21, "fields": {"name": "Can add session", "content_type": 6, "codename": "add_session"}}, {"model": "auth.permission", "pk": 22, "fields": {"name": "Can change session", "content_type": 6, "codename": "change_session"}}, {"model": "auth.permission", "pk": 23, "fields": {"name": "Can delete session", "content_type": 6, "codename": "delete_session"}}, {"model": "auth.permission", "pk": 24, "fields": {"name": "Can view session", "content_type": 6, "codename": "view_session"}}, {"model": "auth.permission", "pk": 25, "fields": {"name": "Can add cart item", "content_type": 7, "codename": "add_cartitem"}}, {"model": "auth.permission", "pk": 26, "fields": {"name": "Can change cart item", "content_type": 7, "codename": "change_cartitem"}}, {"model": "auth.permission", "pk": 27, "fields": {"name": "Can delete cart item", "content_type": 7, "codename": "delete_cartitem"}}, {"model": "auth.permission", "pk": 28, "fields": {"name": "Can view cart item", "content_type": 7, "codename": "view_cartitem"}}, {"model": "auth.permission", "pk": 29, "fields": {"name": "Can add product", "content_type": 8, "codename": "add_product"}}, {"model": "auth.permission", "pk": 30, "fields": {"name": "Can change product", "content_type": 8, "codename": "change_product"}}, {"model": "auth.permission", "pk": 31, "fields": {"name": "Can delete product", "content_type": 8, "codename": "delete_product"}}, {"model": "auth.permission", "pk": 32, "fields": {"name": "Can view product", "content_type": 8, "codename": "view_product"}}, {"model": "auth.permission", "pk": 33, "fields": {"name": "Can add cart", "content_type": 9, "codename": "add_cart"}}, {"model": "auth.permission", "pk": 34, "fields": {"name": "Can change cart", "content_type": 9, "codename": "change_cart"}}, {"model": "auth.permission", "pk": 35, "fields": {"name": "Can delete cart", "content_type": 9, "codename": "delete_cart"}}, {"model": "auth.permission", "pk": 36, "fields": {"name": "Can view cart", "content_type": 9, "codename": "view_cart"}}, {"model": "auth.permission", "pk": 37, "fields": {"name": "Can add category", "content_type": 10, "codename": "add_category"}}, {"model": "auth.permission", "pk": 38, "fields": {"name": "Can change category", "content_type": 10, "codename": "change_category"}}, {"model": "auth.permission", "pk": 39, "fields": {"name": "Can delete category", "content_type": 10, "codename": "delete_category"}}, {"model": "auth.permission", "pk": 40, "fields": {"name": "Can view category", "content_type": 10, "codename": "view_category"}}, {"model": "auth.permission", "pk": 41, "fields": {"name": "Can add payment", "content_type": 11, "codename": "add_payment"}}, {"model": "auth.permission", "pk": 42, "fields": {"name": "Can change payment", "content_type": 11, "codename": "change_payment"}}, {"model": "auth.permission", "pk": 43, "fields": {"name": "Can delete payment", "content_type": 11, "codename": "delete_payment"}}, {"model": "auth.permission", "pk": 44, "fields": {"name": "Can view payment", "content_type": 11, "codename": "view_payment"}}, {"model": "auth.permission", "pk": 45, "fields": {"name": "Can add order", "content_type": 12, "codename": "add_order"}}, {"model": "auth.permission", "pk": 46, "fields": {"name": "Can change order", "content_type": 12, "codename": "change_order"}}, {"model": "auth.permission", "pk": 47, "fields": {"name": "Can delete order", "content_type": 12, "codename": "delete_order"}}, {"model": "auth.permission", "pk": 48, "fields": {"name": "Can view order", "content_type": 12, "codename": "view_order"}}, {"model": "auth.permission", "pk": 49, "fields": {"name": "Can add order history", "content_type": 13, "codename": "add_orderhistory"}}, {"model": "auth.permission", "pk": 50, "fields": {"name": "Can change order history", "content_type": 13, "codename": "change_orderhistory"}}, {"model": "auth.permission", "pk": 51, "fields": {"name": "Can delete order history", "content_type": 13, "codename": "delete_orderhistory"}}, {"model": "auth.permission", "pk": 52, "fields": {"name": "Can view order history", "content_type": 13, "codename": "view_orderhistory"}}, {"model": "auth.permission", "pk": 53, "fields": {"name": "Can add user", "content_type": 14, "codename": "add_customuser"}}, {"model": "auth.permission", "pk": 54, "fields": {"name": "Can change user", "content_type": 14, "codename": "change_customuser"}}, {"model": "auth.permission", "pk": 55, "fields": {"name": "Can delete user", "content_type": 14, "codename": "delete_customuser"}}, {"model": "auth.permission", "pk": 56, "fields": {"name": "Can view user", "content_type": 14, "codename": "view_customuser"}}, {"model": "auth.permission", "pk": 57, "fields": {"name": "Can add profile", "content_type": 15, "codename": "add_profile"}}, {"model": "auth.permission", "pk": 58, "fields": {"name": "Can change profile", "content_type": 15, "codename": "change_profile"}}, {"model": "auth.permission", "pk": 59, "fields": {"name": "Can delete profile", "content_type": 15, "codename": "delete_profile"}}, {"model": "auth.permission", "pk": 60, "fields": {"name": "Can view profile", "content_type": 15, "codename": "view_profile"}}, {"model": "auth.permission", "pk": 61, "fields": {"name": "Can add cart item snapshot", "content_type": 16, "codename": "add_cartitemsnapshot"}}, {"model": "auth.permission", "pk": 62, "fields": {"name": "Can change cart item snapshot", "content_type": 16, "codename": "change_cartitemsnapshot"}}, {"model": "auth.permission", "pk": 63, "fields": {"name": "Can delete cart item snapshot", "content_type": 16, "codename": "delete_cartitemsnapshot"}}, {"model": "auth.permission", "pk": 64, "fields": {"name": "Can view cart item snapshot", "content_type": 16, "codename": "view_cartitemsnapshot"}}, {"model": "auth.user", "pk": 1, "fields": {"password": "pbkdf2_sha256$870000$T5xypu3CnT3oTNiX1oGOFF$WW8gQPkH/qhKJBNmzZO+4LjmXga6lfs7hvSrtxTIWd8=", "last_login": "2024-10-07T19:29:06.124Z", "is_superuser": true, "username": "david", "first_name": "David", "last_name": "Umasor", "email": "davidumasor18@gmail.com", "is_staff": true, "is_active": true, "date_joined": "2024-09-06T11:47:38.201Z", "groups": [], "user_permissions": []}}, {"model": "auth.user", "pk": 2, "fields": {"password": "pbkdf2_sha256$870000$OPdb8wOp42LxqRRcNFv0xz$G6uibNywDTXDKRQq4yzF4zpAoy5HzHZQoPGLA11ZKgM=", "last_login": "2024-09-09T17:14:26.036Z", "is_superuser": false, "username": "tester", "first_name": "", "last_name": "", "email": "test@gmail.com", "is_staff": false, "is_active": true, "date_joined": "2024-09-09T17:11:31.172Z", "groups": [], "user_permissions": []}}, {"model": "auth.user", "pk": 5, "fields": {"password": "pbkdf2_sha256$870000$kJUQILGJvDGrlZCBabSpv2$N014JIELpKxNVab3lhH3qnYbP2Yd4WdXnRlkT/aN5/E=", "last_login": "2024-10-03T22:27:15.443Z", "is_superuser": false, "username": "Babatunds", "first_name": "", "last_name": "", "email": "babatunds@gmail.com", "is_staff": false, "is_active": true, "date_joined": "2024-10-03T22:26:56.890Z", "groups": [], "user_permissions": []}}, {"model": "auth.user", "pk": 9, "fields": {"password": "pbkdf2_sha256$870000$I7jUSXAfi9od3UPRpWp43D$rT9+QJ+nHxpq9UIpyx1MOR/eG/oTXW9FtQY5HCxHDjQ=", "last_login": null, "is_superuser": false, "username": "diddy", "first_name": "", "last_name": "", "email": "diddy@gmail.com", "is_staff": false, "is_active": true, "date_joined": "2024-10-05T19:44:35.981Z", "groups": [], "user_permissions": []}}, {"model": "auth.user", "pk": 10, "fields": {"password": "pbkdf2_sha256$870000$KUJTiAYyGyA9gv6p0wr9s3$LS+kyWwdmdvqkZoX0amxI2YGjQT/QBZzKkhgCTBPdSQ=", "last_login": "2024-10-05T19:49:46.783Z", "is_superuser": false, "username": "diddy2", "first_name": "", "last_name": "", "email": "diddy@gmail.com", "is_staff": false, "is_active": true, "date_joined": "2024-10-05T19:49:35.683Z", "groups": [], "user_permissions": []}}, {"model": "auth.user", "pk": 11, "fields": {"password": "pbkdf2_sha256$870000$iIZw5TuZ2UjftAAxPw2qou$hD2NQE7P7WpG2dhy8jWA9voNl6+AK6L1CQaaZf5w5L8=", "last_login": "2024-10-07T19:24:52.349Z", "is_superuser": false, "username": "seyi198", "first_name": "", "last_name": "", "email": "abayomiseyi735@gmail.com", "is_staff": false, "is_active": true, "date_joined": "2024-10-07T19:24:33.909Z", "groups": [], "user_permissions": []}}, {"model": "contenttypes.contenttype", "pk": 1, "fields": {"app_label": "admin", "model": "logentry"}}, {"model": "contenttypes.contenttype", "pk": 2, "fields": {"app_label": "auth", "model": "permission"}}, {"model": "contenttypes.contenttype", "pk": 3, "fields": {"app_label": "auth", "model": "group"}}, {"model": "contenttypes.contenttype", "pk": 4, "fields": {"app_label": "auth", "model": "user"}}, {"model": "contenttypes.contenttype", "pk": 5, "fields": {"app_label": "contenttypes", "model": "contenttype"}}, {"model": "contenttypes.contenttype", "pk": 6, "fields": {"app_label": "sessions", "model": "session"}}, {"model": "contenttypes.contenttype", "pk": 7, "fields": {"app_label": "shop", "model": "cartitem"}}, {"model": "contenttypes.contenttype", "pk": 8, "fields": {"app_label": "shop", "model": "product"}}, {"model": "contenttypes.contenttype", "pk": 9, "fields": {"app_label": "shop", "model": "cart"}}, {"model": "contenttypes.contenttype", "pk": 10, "fields": {"app_label": "shop", "model": "category"}}, {"model": "contenttypes.contenttype", "pk": 11, "fields": {"app_label": "shop", "model": "payment"}}, {"model": "contenttypes.contenttype", "pk": 12, "fields": {"app_label": "shop", "model": "order"}}, {"model": "contenttypes.contenttype", "pk": 13, "fields": {"app_label": "shop", "model": "orderhistory"}}, {"model": "contenttypes.contenttype", "pk": 14, "fields": {"app_label": "shop", "model": "customuser"}}, {"model": "contenttypes.contenttype", "pk": 15, "fields": {"app_label": "shop", "model": "profile"}}, {"model": "contenttypes.contenttype", "pk": 16, "fields": {"app_label": "shop", "model": "cartitemsnapshot"}}, {"model": "sessions.session", "pk": "6glxacrwyrzj356prlbzllt36bvz3g2y", "fields": {"session_data": ".eJxVjDsOwyAQBe9CHSE-BrMp0_sMiGUhOIlAMnYV5e6xJRdJOzPvvZkP21r81tPiZ2JXptjll2GIz1QPQY9Q743HVtdlRn4k_LSdT43S63a2fwcl9LKvAVxKg3KQKWckFYQzAmK2iEHvzIwZbYxOamGs1WSkSBII1GhhUGjY5wsFijgg:1snhy1:AwtumyfaUvzpE72U5RggA4ySg67Duz-XsLxXufez7JA", "expire_date": "2024-09-23T17:14:21.993Z"}}, {"model": "sessions.session", "pk": "mr30di5srpoukrcockoov1fr99wg3bgc", "fields": {"session_data": ".eJxVjEsOwiAUAO_C2hCgDx64dN8zkMdPqoYmpV0Z725IutDtzGTezNOxV3_0vPklsSuT7PLLAsVnbkOkB7X7yuPa9m0JfCT8tJ3Pa8qv29n-DSr1OrYowQpCyEYqAipTliJicMoaA1BUUkhRTgJJS12CwFhsLFkJA84VzT5fwE43Ow:1soeHc:7vs2PzzBC85WFhpVywa7EGeHEzBFvP_QgZ0iqVBgX-Q", "expire_date": "2024-09-26T07:30:28.522Z"}}, {"model": "sessions.session", "pk": "qd8z7u0aweh7u20rhsw22h27u9s795jk", "fields": {"session_data": ".eJxVjEsOwiAUAO_C2hCgDx64dN8zkMdPqoYmpV0Z725IutDtzGTezNOxV3_0vPklsSuT7PLLAsVnbkOkB7X7yuPa9m0JfCT8tJ3Pa8qv29n-DSr1OrYowQpCyEYqAipTliJicMoaA1BUUkhRTgJJS12CwFhsLFkJA84VzT5fwE43Ow:1soTKW:bmw_VY_ChfFLL3I4EKEpU8E9L6pPaUzHsFOzEHLCl6Y", "expire_date": "2024-09-25T19:48:44.482Z"}}, {"model": "sessions.session", "pk": "r4ravr8hjf016nrep40i2jkerrp24cth", "fields": {"session_data": ".eJxVjDsOwyAQBe9CHSE-BrMp0_sMiGUhOIlAMnYV5e6xJRdJOzPvvZkP21r81tPiZ2JXptjll2GIz1QPQY9Q743HVtdlRn4k_LSdT43S63a2fwcl9LKvAVxKg3KQKWckFYQzAmK2iEHvzIwZbYxOamGs1WSkSBII1GhhUGjY5wsFijgg:1snhy6:q1zQaFQPhUM2fSR8gaeZVqtcsYqBq_mYqUHywXIVlAU", "expire_date": "2024-09-23T17:14:26.045Z"}}, {"model": "sessions.session", "pk": "vb1jmllayepadmje6fepbs06jviu4myu", "fields": {"session_data": ".eJxVjEsOwiAUAO_C2hCgDx64dN8zkMdPqoYmpV0Z725IutDtzGTezNOxV3_0vPklsSuT7PLLAsVnbkOkB7X7yuPa9m0JfCT8tJ3Pa8qv29n-DSr1OrYowQpCyEYqAipTliJicMoaA1BUUkhRTgJJS12CwFhsLFkJA84VzT5fwE43Ow:1sxtPm:6KDzQyg62ulUKDSjcVaqlE9ZSHlryLP0ggUS0SGY7jM", "expire_date": "2024-10-21T19:29:06.157Z"}}, {"model": "sessions.session", "pk": "xebxmretgtog1j3zjdysle6kytpbq18p", "fields": {"session_data": ".eJxVjEsOwiAUAO_C2hCgDx64dN8zkMdPqoYmpV0Z725IutDtzGTezNOxV3_0vPklsSuT7PLLAsVnbkOkB7X7yuPa9m0JfCT8tJ3Pa8qv29n-DSr1OrYowQpCyEYqAipTliJicMoaA1BUUkhRTgJJS12CwFhsLFkJA84VzT5fwE43Ow:1sq4xK:1eUcYTFpGhFpxbFydJ7UJcnuID1jaOflxwU5lvwM5JI", "expire_date": "2024-09-30T06:11:26.651Z"}}, {"model": "sessions.session", "pk": "zishrsaung8dlaxkr0ukjvd108ykydya", "fields": {"session_data": ".eJxVjMsOgjAQRf-la9NAn4xL934Due1MBTWQUFgZ_11JWOj2nnPuS_XY1qHfqiz9yOqsrDr9bgn5IdMO-I7pNus8T-syJr0r-qBVX2eW5-Vw_w4G1OFbU2xgECxgbC42gsl76nxrWyIgBWHXGeHSlugNNQ4EyVGyyyk4YfX-AOIwOGs:1soUpg:6rIZaVGDj_HZHO4ao05J3rYRviNaM0g4bnGiRXwlgmM", "expire_date": "2024-09-25T21:25:00.346Z"}}, {"model": "shop.profile", "pk": 1, "fields": {"user": 1, "phone_number": "08160677500"}}, {"model": "shop.profile", "pk": 2, "fields": {"user": 9, "phone_number": null}}, {"model": "shop.profile", "pk": 3, "fields": {"user": 10, "phone_number": "8160677500"}}, {"model": "shop.profile", "pk": 4, "fields": {"user": 11, "phone_number": "07081059842"}}, {"model": "shop.category", "pk": 1, "fields": {"name": "Main Meals"}}, {"model": "shop.product", "pk": 1, "fields": {"name": "Jollof Rice", "category": 1, "description": "Hot Orange Jollof!", "image": "Product_Image/feat4.webp", "price": 300.0, "quantity": 20}}, {"model": "shop.product", "pk": 2, "fields": {"name": "Jagaban Rice", "category": 1, "description": "Tastes heavenly", "image": "Product_Image/jagaban_RvdjRwk.jpeg", "price": 300.0, "quantity": 2}}, {"model": "shop.product", "pk": 3, "fields": {"name": "Spaghetti", "category": 1, "description": "Long, thin, solid, cylindrical pasta. It is a staple food of traditional Italian cuisine.", "image": "Product_Image/spaghetti_550dKup.jpeg", "price": 350.0, "quantity": 20}}, {"model": "shop.product", "pk": 4, "fields": {"name": "Plantain", "category": 1, "description": "The savoury sibling of the banana, plantains are a major food staple in Africa and the Americas.", "image": "Product_Image/plantain.jpeg", "price": 500.0, "quantity": 1}}, {"model": "shop.cartitem", "pk": 44, "fields": {"product": 2, "quantity": 1}}, {"model": "shop.cartitem", "pk": 45, "fields": {"product": 1, "quantity": 1}}, {"model": "shop.cartitem", "pk": 46, "fields": {"product": 3, "quantity": 1}}, {"model": "shop.cart", "pk": 1, "fields": {"user": 1, "status": "pending", "created_at": "2024-09-13T11:04:23.725Z", "items": [44, 46]}}, {"model": "shop.cart", "pk": 4, "fields": {"user": 5, "status": "pending", "created_at": "2024-10-03T22:27:15.474Z", "items": []}}, {"model": "shop.cart", "pk": 5, "fields": {"user": 2, "status": "pending", "created_at": "2024-10-05T17:54:56.372Z", "items": []}}, {"model": "shop.cart", "pk": 7, "fields": {"user": 10, "status": "pending", "created_at": "2024-10-05T19:49:46.818Z", "items": []}}, {"model": "shop.cart", "pk": 8, "fields": {"user": 11, "status": "pending", "created_at": "2024-10-07T19:24:52.408Z", "items": []}}, {"model": "shop.payment", "pk": 41, "fields": {"user": 1, "amount": 950, "email": "davidumasor18@gmail.com", "reference": "pdyb8fradt", "status": "success", "order_id": 1, "date": "2024-10-02T22:43:38.358Z", "items": []}}, {"model": "shop.payment", "pk": 42, "fields": {"user": 1, "amount": 1000, "email": "davidumasor18@gmail.com", "reference": "qtu4fmglhq", "status": "success", "order_id": 1, "date": "2024-10-02T22:54:00.530Z", "items": []}}, {"model": "shop.payment", "pk": 43, "fields": {"user": 1, "amount": 1000, "email": "davidumasor18@gmail.com", "reference": "73v8279fll", "status": "success", "order_id": 1, "date": "2024-10-02T22:57:54.213Z", "items": []}}, {"model": "shop.payment", "pk": 44, "fields": {"user": 1, "amount": 1000, "email": "davidumasor18@gmail.com", "reference": "48kzdos1ue", "status": "success", "order_id": 1, "date": "2024-10-02T23:01:36.268Z", "items": []}}, {"model": "shop.payment", "pk": 45, "fields": {"user": 1, "amount": 600, "email": "davidumasor18@gmail.com", "reference": "0h0njp66mc", "status": "success", "order_id": 1, "date": "2024-10-02T23:09:39.535Z", "items": []}}, {"model": "shop.payment", "pk": 46, "fields": {"user": 1, "amount": 700, "email": "davidumasor18@gmail.com", "reference": "1ahhy71ac6", "status": "success", "order_id": 1, "date": "2024-10-02T23:25:36.798Z", "items": []}}, {"model": "shop.payment", "pk": 47, "fields": {"user": 1, "amount": 700, "email": "davidumasor18@gmail.com", "reference": "5tksomd7vw", "status": "success", "order_id": 1, "date": "2024-10-02T23:26:27.415Z", "items": []}}, {"model": "shop.payment", "pk": 48, "fields": {"user": 1, "amount": 700, "email": "davidumasor18@gmail.com", "reference": "or7dp6imp8", "status": "success", "order_id": 1, "date": "2024-10-02T23:28:15.019Z", "items": []}}, {"model": "shop.payment", "pk": 49, "fields": {"user": 1, "amount": 700, "email": "davidumasor18@gmail.com", "reference": "y0gvp8nkms", "status": "success", "order_id": 1, "date": "2024-10-02T23:28:46.397Z", "items": []}}, {"model": "shop.payment", "pk": 50, "fields": {"user": 1, "amount": 700, "email": "davidumasor18@gmail.com", "reference": "fm4hardcfy", "status": "success", "order_id": 1, "date": "2024-10-02T23:30:47.987Z", "items": []}}, {"model": "shop.payment", "pk": 51, "fields": {"user": 1, "amount": 1900, "email": "davidumasor18@gmail.com", "reference": "sfq5qromty", "status": "success", "order_id": 1, "date": "2024-10-02T23:33:32.742Z", "items": []}}, {"model": "shop.payment", "pk": 52, "fields": {"user": 1, "amount": 1900, "email": "davidumasor18@gmail.com", "reference": "6a9b0do0uf", "status": "pending", "order_id": 1, "date": "2024-10-03T14:53:03.906Z", "items": []}}, {"model": "shop.payment", "pk": 53, "fields": {"user": 1, "amount": 1900, "email": "davidumasor18@gmail.com", "reference": "3k5u3fxcxg", "status": "pending", "order_id": 1, "date": "2024-10-03T14:57:00.826Z", "items": []}}, {"model": "shop.payment", "pk": 54, "fields": {"user": 1, "amount": 1900, "email": "davidumasor18@gmail.com", "reference": "kh9fuif43h", "status": "success", "order_id": 1, "date": "2024-10-03T14:57:01.644Z", "items": []}}, {"model": "shop.payment", "pk": 55, "fields": {"user": 1, "amount": 300, "email": "davidumasor18@gmail.com", "reference": "sopyyaiza9", "status": "success", "order_id": 1, "date": "2024-10-03T19:56:46.152Z", "items": []}}, {"model": "shop.payment", "pk": 56, "fields": {"user": 1, "amount": 1600, "email": "davidumasor18@gmail.com", "reference": "fsxt8xwrjr", "status": "success", "order_id": 1, "date": "2024-10-03T20:04:51.954Z", "items": []}}, {"model": "shop.payment", "pk": 57, "fields": {"user": 5, "amount": 1200, "email": "babatunds@gmail.com", "reference": "9t2c7gdeb0", "status": "success", "order_id": 4, "date": "2024-10-04T22:39:47.654Z", "items": []}}, {"model": "shop.payment", "pk": 58, "fields": {"user": 5, "amount": 1200, "email": "babatunds@gmail.com", "reference": "8asvbh6o3o", "status": "success", "order_id": 4, "date": "2024-10-04T22:47:32.170Z", "items": []}}, {"model": "shop.payment", "pk": 59, "fields": {"user": 1, "amount": 1200, "email": "davidumasor18@gmail.com", "reference": "xtfai5aj0w", "status": "success", "order_id": 1, "date": "2024-10-05T19:18:08.446Z", "items": []}}, {"model": "shop.payment", "pk": 60, "fields": {"user": 1, "amount": 1600, "email": "davidumasor18@gmail.com", "reference": "m8o8a8sqin", "status": "success", "order_id": 1, "date": "2024-10-05T19:22:14.720Z", "items": []}}, {"model": "shop.payment", "pk": 61, "fields": {"user": 1, "amount": 900, "email": "davidumasor18@gmail.com", "reference": "ofy2cdhjry", "status": "pending", "order_id": 1, "date": "2024-10-07T15:44:19.442Z", "items": []}}, {"model": "shop.payment", "pk": 62, "fields": {"user": 1, "amount": 900, "email": "davidumasor18@gmail.com", "reference": "6fwnqsh0ax", "status": "pending", "order_id": 1, "date": "2024-10-07T15:44:51.523Z", "items": []}}, {"model": "shop.payment", "pk": 63, "fields": {"user": 1, "amount": 900, "email": "davidumasor18@gmail.com", "reference": "1cl1qoc0zs", "status": "pending", "order_id": 1, "date": "2024-10-07T15:46:00.708Z", "items": []}}, {"model": "shop.payment", "pk": 64, "fields": {"user": 1, "amount": 900, "email": "davidumasor18@gmail.com", "reference": "6xsbhu9b8r", "status": "success", "order_id": 1, "date": "2024-10-07T15:47:45.287Z", "items": []}}, {"model": "shop.payment", "pk": 65, "fields": {"user": 1, "amount": 900, "email": "davidumasor18@gmail.com", "reference": "5v9pbv2zvy", "status": "success", "order_id": 1, "date": "2024-10-07T15:52:26.825Z", "items": []}}, {"model": "shop.payment", "pk": 66, "fields": {"user": 1, "amount": 700, "email": "davidumasor18@gmail.com", "reference": "icmspo0n74", "status": "pending", "order_id": 1, "date": "2024-10-07T15:56:54.840Z", "items": []}}, {"model": "shop.payment", "pk": 67, "fields": {"user": 1, "amount": 700, "email": "davidumasor18@gmail.com", "reference": "gwoxgtzmae", "status": "success", "order_id": 1, "date": "2024-10-07T16:00:30.191Z", "items": []}}, {"model": "shop.payment", "pk": 68, "fields": {"user": 1, "amount": 700, "email": "davidumasor18@gmail.com", "reference": "5byp0dfipk", "status": "success", "order_id": 1, "date": "2024-10-07T16:03:37.979Z", "items": []}}, {"model": "shop.payment", "pk": 69, "fields": {"user": 1, "amount": 1550, "email": "davidumasor18@gmail.com", "reference": "1fntae7d2r", "status": "success", "order_id": 1, "date": "2024-10-07T16:05:18.168Z", "items": []}}, {"model": "shop.payment", "pk": 70, "fields": {"user": 11, "amount": 1600, "email": "abayomiseyi735@gmail.com", "reference": "3cvw6vgjfw", "status": "success", "order_id": 8, "date": "2024-10-07T19:25:58.557Z", "items": []}}, {"model": "shop.payment", "pk": 71, "fields": {"user": 11, "amount": 1600, "email": "abayomiseyi735@gmail.com", "reference": "dy1vodky5o", "status": "pending", "order_id": 8, "date": "2024-10-07T19:26:00.091Z", "items": []}}, {"model": "shop.payment", "pk": 72, "fields": {"user": 11, "amount": 1600, "email": "abayomiseyi735@gmail.com", "reference": "pj3h3ucvfy", "status": "pending", "order_id": 8, "date": "2024-10-07T19:26:19.628Z", "items": []}}, {"model": "shop.payment", "pk": 73, "fields": {"user": 1, "amount": 1000, "email": "davidumasor18@gmail.com", "reference": "bnghc7diul", "status": "success", "order_id": 1, "date": "2024-10-07T19:45:29.537Z", "items": []}}, {"model": "shop.payment", "pk": 74, "fields": {"user": 1, "amount": 1300, "email": "davidumasor18@gmail.com", "reference": "br48mnpyts", "status": "success", "order_id": 1, "date": "2024-10-07T19:47:32.060Z", "items": []}}, {"model": "shop.order", "pk": 12, "fields": {"user": 1, "cart": 1, "payment": 41, "location": null, "delivered": null, "status": "completed", "created_at": "2024-10-02T22:43:38.378Z"}}, {"model": "shop.order", "pk": 13, "fields": {"user": 1, "cart": 1, "payment": 42, "location": null, "delivered": null, "status": "completed", "created_at": "2024-10-02T22:54:00.585Z"}}, {"model": "shop.order", "pk": 14, "fields": {"user": 1, "cart": 1, "payment": 43, "location": null, "delivered": null, "status": "completed", "created_at": "2024-10-02T22:57:54.256Z"}}, {"model": "shop.order", "pk": 15, "fields": {"user": 1, "cart": 1, "payment": 44, "location": null, "delivered": null, "status": "completed", "created_at": "2024-10-02T23:01:36.322Z"}}, {"model": "shop.order", "pk": 16, "fields": {"user": 1, "cart": 1, "payment": 45, "location": null, "delivered": null, "status": "completed", "created_at": "2024-10-02T23:09:39.585Z"}}, {"model": "shop.order", "pk": 17, "fields": {"user": 1, "cart": 1, "payment": 46, "location": null, "delivered": null, "status": "completed", "created_at": "2024-10-02T23:25:36.838Z"}}, {"model": "shop.order", "pk": 18, "fields": {"user": 1, "cart": 1, "payment": 47, "location": null, "delivered": null, "status": "completed", "created_at": "2024-10-02T23:26:27.439Z"}}, {"model": "shop.order", "pk": 19, "fields": {"user": 1, "cart": 1, "payment": 48, "location": null, "delivered": null, "status": "completed", "created_at": "2024-10-02T23:28:15.045Z"}}, {"model": "shop.order", "pk": 20, "fields": {"user": 1, "cart": 1, "payment": 49, "location": null, "delivered": null, "status": "completed", "created_at": "2024-10-02T23:28:46.415Z"}}, {"model": "shop.order", "pk": 21, "fields": {"user": 1, "cart": 1, "payment": 50, "location": null, "delivered": null, "status": "completed", "created_at": "2024-10-02T23:30:48.038Z"}}, {"model": "shop.order", "pk": 22, "fields": {"user": 1, "cart": 1, "payment": 51, "location": null, "delivered": null, "status": "completed", "created_at": "2024-10-02T23:33:32.763Z"}}, {"model": "shop.order", "pk": 23, "fields": {"user": 1, "cart": 1, "payment": 52, "location": null, "delivered": null, "status": "completed", "created_at": "2024-10-03T14:53:03.925Z"}}, {"model": "shop.order", "pk": 24, "fields": {"user": 1, "cart": 1, "payment": 53, "location": null, "delivered": null, "status": "completed", "created_at": "2024-10-03T14:57:00.868Z"}}, {"model": "shop.order", "pk": 25, "fields": {"user": 1, "cart": 1, "payment": 54, "location": null, "delivered": null, "status": "completed", "created_at": "2024-10-03T14:57:01.665Z"}}, {"model": "shop.order", "pk": 26, "fields": {"user": 1, "cart": 1, "payment": 55, "location": null, "delivered": null, "status": "completed", "created_at": "2024-10-03T19:56:46.204Z"}}, {"model": "shop.order", "pk": 27, "fields": {"user": 1, "cart": 1, "payment": 56, "location": null, "delivered": null, "status": "completed", "created_at": "2024-10-03T20:04:51.994Z"}}, {"model": "shop.order", "pk": 28, "fields": {"user": 5, "cart": 4, "payment": 57, "location": null, "delivered": null, "status": "completed", "created_at": "2024-10-04T22:39:47.669Z"}}, {"model": "shop.order", "pk": 29, "fields": {"user": 5, "cart": 4, "payment": 58, "location": null, "delivered": null, "status": "completed", "created_at": "2024-10-04T22:47:32.186Z"}}, {"model": "shop.order", "pk": 30, "fields": {"user": 1, "cart": 1, "payment": 59, "location": null, "delivered": null, "status": "completed", "created_at": "2024-10-05T19:18:08.457Z"}}, {"model": "shop.order", "pk": 31, "fields": {"user": 1, "cart": 1, "payment": 60, "location": null, "delivered": null, "status": "completed", "created_at": "2024-10-05T19:22:14.737Z"}}, {"model": "shop.order", "pk": 32, "fields": {"user": 1, "cart": 1, "payment": 64, "location": "1", "delivered": null, "status": "completed", "created_at": "2024-10-07T15:47:45.319Z"}}, {"model": "shop.order", "pk": 33, "fields": {"user": 1, "cart": 1, "payment": 65, "location": "Block U", "delivered": null, "status": "completed", "created_at": "2024-10-07T15:52:26.840Z"}}, {"model": "shop.order", "pk": 34, "fields": {"user": 1, "cart": 1, "payment": 66, "location": "Block U", "delivered": null, "status": "completed", "created_at": "2024-10-07T15:56:54.859Z"}}, {"model": "shop.order", "pk": 35, "fields": {"user": 1, "cart": 1, "payment": 67, "location": "Block U", "delivered": null, "status": "completed", "created_at": "2024-10-07T16:00:30.206Z"}}, {"model": "shop.order", "pk": 36, "fields": {"user": 1, "cart": 1, "payment": 68, "location": "Block U", "delivered": null, "status": "completed", "created_at": "2024-10-07T16:03:37.998Z"}}, {"model": "shop.order", "pk": 37, "fields": {"user": 1, "cart": 1, "payment": 69, "location": "Independence Hall", "delivered": null, "status": "completed", "created_at": "2024-10-07T16:05:18.194Z"}}, {"model": "shop.order", "pk": 38, "fields": {"user": 11, "cart": 8, "payment": 70, "location": "Independence Hall", "delivered": null, "status": "completed", "created_at": "2024-10-07T19:25:58.568Z"}}, {"model": "shop.order", "pk": 39, "fields": {"user": 11, "cart": 8, "payment": 71, "location": "Independence Hall", "delivered": null, "status": "completed", "created_at": "2024-10-07T19:26:00.134Z"}}, {"model": "shop.order", "pk": 40, "fields": {"user": 11, "cart": 8, "payment": 72, "location": "Block L", "delivered": null, "status": "completed", "created_at": "2024-10-07T19:26:19.658Z"}}, {"model": "shop.order", "pk": 41, "fields": {"user": 1, "cart": 1, "payment": 73, "location": "Block U", "delivered": null, "status": "completed", "created_at": "2024-10-07T19:45:29.563Z"}}, {"model": "shop.order", "pk": 42, "fields": {"user": 1, "cart": 1, "payment": 74, "location": "Block U", "delivered": null, "status": "completed", "created_at": "2024-10-07T19:47:32.097Z"}}, {"model": "shop.orderhistory", "pk": 1, "fields": {"user": 1, "reference": null, "location": null, "total_price": "600.00", "status": "not ready", "delivered": null, "payment_date": "2024-10-02T23:09:47.302Z", "payment": null, "items": [44, 45]}}, {"model": "shop.orderhistory", "pk": 2, "fields": {"user": 1, "reference": "fm4hardcfy", "location": null, "total_price": "700.00", "status": "not ready", "delivered": null, "payment_date": "2024-10-02T23:30:54.876Z", "payment": 50, "items": [46]}}, {"model": "shop.orderhistory", "pk": 3, "fields": {"user": 1, "reference": "sfq5qromty", "location": null, "total_price": "1900.00", "status": "Ready", "delivered": true, "payment_date": "2024-10-02T23:33:48.257Z", "payment": 51, "items": [44, 45, 46]}}, {"model": "shop.orderhistory", "pk": 4, "fields": {"user": 1, "reference": "kh9fuif43h", "location": null, "total_price": "1900.00", "status": "not ready", "delivered": null, "payment_date": "2024-10-03T14:57:27.069Z", "payment": 54, "items": [44, 45, 46]}}, {"model": "shop.orderhistory", "pk": 5, "fields": {"user": 1, "reference": "sopyyaiza9", "location": null, "total_price": "300.00", "status": "Ready", "delivered": true, "payment_date": "2024-10-03T19:57:45.210Z", "payment": 55, "items": [44]}}, {"model": "shop.orderhistory", "pk": 6, "fields": {"user": 1, "reference": "fsxt8xwrjr", "location": null, "total_price": "1600.00", "status": "not ready", "delivered": null, "payment_date": "2024-10-03T20:06:42.525Z", "payment": 56, "items": [44, 45, 46]}}, {"model": "shop.orderhistory", "pk": 7, "fields": {"user": 5, "reference": "9t2c7gdeb0", "location": null, "total_price": "1200.00", "status": "not ready", "delivered": null, "payment_date": "2024-10-04T22:39:56.250Z", "payment": 57, "items": [44]}}, {"model": "shop.orderhistory", "pk": 8, "fields": {"user": 5, "reference": "8asvbh6o3o", "location": null, "total_price": "1200.00", "status": "not ready", "delivered": null, "payment_date": "2024-10-04T22:47:42.209Z", "payment": 58, "items": [44]}}, {"model": "shop.orderhistory", "pk": 9, "fields": {"user": 1, "reference": "xtfai5aj0w", "location": null, "total_price": "1200.00", "status": "not ready", "delivered": null, "payment_date": "2024-10-05T19:18:16.001Z", "payment": 59, "items": [44]}}, {"model": "shop.orderhistory", "pk": 10, "fields": {"user": 1, "reference": "m8o8a8sqin", "location": null, "total_price": "1600.00", "status": "not ready", "delivered": null, "payment_date": "2024-10-05T19:22:45.672Z", "payment": 60, "items": [44, 46]}}, {"model": "shop.orderhistory", "pk": 11, "fields": {"user": 1, "reference": "6xsbhu9b8r", "location": null, "total_price": "900.00", "status": "not ready", "delivered": null, "payment_date": "2024-10-07T15:48:09.680Z", "payment": 64, "items": [44]}}, {"model": "shop.orderhistory", "pk": 12, "fields": {"user": 1, "reference": "5v9pbv2zvy", "location": null, "total_price": "900.00", "status": "not ready", "delivered": null, "payment_date": "2024-10-07T15:53:25.042Z", "payment": 65, "items": [45]}}, {"model": "shop.orderhistory", "pk": 13, "fields": {"user": 1, "reference": "5byp0dfipk", "location": "Block U", "total_price": "350.00", "status": "not ready", "delivered": null, "payment_date": "2024-10-07T16:04:13.798Z", "payment": 68, "items": [46]}}, {"model": "shop.orderhistory", "pk": 14, "fields": {"user": 1, "reference": "1fntae7d2r", "location": "Independence Hall", "total_price": "950.00", "status": "not ready", "delivered": null, "payment_date": "2024-10-07T16:05:26.983Z", "payment": 69, "items": [44, 45, 46]}}, {"model": "shop.orderhistory", "pk": 15, "fields": {"user": 11, "reference": "pj3h3ucvfy", "location": "Block L", "total_price": "650.00", "status": "not ready", "delivered": null, "payment_date": "2024-10-07T19:27:06.657Z", "payment": 72, "items": [45, 46]}}, {"model": "shop.orderhistory", "pk": 16, "fields": {"user": 1, "reference": "bnghc7diul", "location": "Block U", "total_price": "650.00", "status": "not ready", "delivered": null, "payment_date": "2024-10-07T19:46:06.769Z", "payment": 73, "items": [44, 46]}}, {"model": "shop.orderhistory", "pk": 17, "fields": {"user": 1, "reference": null, "location": "Block U", "total_price": "650.00", "status": "not ready", "delivered": null, "payment_date": "2024-10-07T19:47:40.374Z", "payment": 74, "items": []}}, {"model": "shop.orderhistory", "pk": 18, "fields": {"user": 1, "reference": null, "location": "Block U", "total_price": "650.00", "status": "not ready", "delivered": null, "payment_date": "2024-10-07T19:59:57.763Z", "payment": 74, "items": []}}]